<?xml version="1.0" encoding="UTF-8" standalone="yes"?>
<addon id="plugin.video.tmdb.turkish" name="Turkish Series (TMDB)" version="2.0.0" provider-name="Hamza">
    <requires>
        <import addon="xbmc.python" version="3.0.0"/>
        <import addon="script.module.requests" version="2.31.0"/>
        <import addon="script.module.beautifulsoup4" version="4.11.0"/>
        <import addon="inputstream.adaptive" version="20.3.0" optional="true"/>
    </requires>
    
    <extension point="xbmc.python.pluginsource" library="main.py">
        <provides>video</provides>
    </extension>
    
    <extension point="xbmc.addon.metadata">
        <summary lang="en_GB">Turkish Series with TMDB Metadata</summary>
        <description lang="en_GB">Browse and watch Turkish series with beautiful TMDB metadata. Supports both Arabic (3SK) and English (Turkish123) audio.

🎬 Features:
- Popular Turkish Series
- Currently Airing Shows  
- Discover New Series
- Rich metadata (posters, descriptions, cast)
- Dual audio support (Arabic/English)
- Smart caching for instant playback

📺 Officially Supported:
- Android TV
- Linux (Ubuntu, Fedora, LibreELEC, OSMC)
- Windows 7/10/11

Also works on: macOS, Fire TV, Raspberry Pi 3+
        </description>
        <disclaimer lang="en_GB">This addon uses The Movie Database (TMDB) API but is not endorsed by TMDB. Content is streamed from third-party sources. The addon author is not responsible for the content.</disclaimer>
        <platform>all</platform>
        <license>MIT</license>
        <website>https://www.themoviedb.org</website>
        <source>https://github.com/hamza/plugin.video.tmdb.turkish</source>
        <news>
v2.0.0 (2025-12-27)
- 🎬 PHASE 2 COMPLETE: Actual video playback!
- ✅ 3SK Engine integrated (Arabic audio)
- ✅ Smart server index caching (24h)
- ✅ Episode search and mapping
- ✅ Multi-language name translation
- ✅ HLS streaming with anti-403 headers
- ✅ YOUR proven stream extraction logic
- Ready for Turkish123 engine (Phase 2C)

v1.0.0 (2025-12-27)
- Initial release (Phase 1)
- Browse Turkish series from TMDB
- Popular / Airing Now / Discover categories
- Rich metadata integration
        </news>
        <assets>
            <icon>resources/media/icon.png</icon>
            <fanart>resources/media/fanart.png</fanart>
        </assets>
    </extension>
</addon>
