<?xml version="1.0" encoding="UTF-8" standalone="yes"?>
<addon id="plugin.video.3sk" name="3SK Video" version="1.1.0" provider-name="Tralalaoh">
    <requires>
        <import addon="xbmc.python" version="3.0.0"/>
        <import addon="script.module.requests" version="2.31.0"/>
        <import addon="script.module.beautifulsoup4" version="4.11.0"/>
    </requires>
    <extension point="xbmc.python.pluginsource" library="main.py">
        <provides>video</provides>
    </extension>
    <extension point="xbmc.addon.metadata">
        <summary lang="en_GB">3SK Video Streaming Addon</summary>
        <description lang="en_GB">Watch series and episodes from 3SK streaming service. This addon provides access to a wide variety of TV shows and series.</description>
        <disclaimer lang="en_GB">The authors do not host or distribute any of the content displayed by this addon. The authors have no affiliation with the content provider.</disclaimer>
        <platform>all</platform>
        <license>MIT</license>
        <website>https://github.com/yourusername/plugin.video.3sk</website>
        <source>https://github.com/yourusername/plugin.video.3sk</source>
        <news>
v1.1.0 (2025-12-25)
- Added real-time search functionality
- Search results show episodes with automatic parent series detection
- Selecting an episode from search navigates to full series page
v1.0.0 (2025-12-24)
- Initial release
- Browse series catalog
- View episode lists
- Play episodes with stream resolution
        </news>
        <assets>
            <icon>3sk.jpg</icon>
            <fanart>fanart.jpg</fanart>
        </assets>
    </extension>
</addon>
