<?xml version="1.0" encoding="UTF-8"?>
<window type="dialog">
    <controls>
        <!-- Full Screen Background -->
        <control type="image">
            <left>0</left>
            <top>0</top>
            <width>1920</width>
            <height>1080</height>
            <texture>special://home/addons/plugin.video.littletigre/resources/media/white.png</texture>
            <colordiffuse>FF0A0E14</colordiffuse>
        </control>

        <!-- Main Container -->
        <control type="group">
            <left>40</left>
            <top>40</top>
            <width>1840</width>
            <height>1000</height>

            <!-- Left Panel: Stream List -->
            <control type="group">
                <left>0</left>
                <top>0</top>
                <width>1300</width>
                <height>1000</height>

                <!-- Header Background -->
                <control type="image">
                    <left>0</left>
                    <top>0</top>
                    <width>1300</width>
                    <height>80</height>
                    <texture>special://home/addons/plugin.video.littletigre/resources/media/white.png</texture>
                    <colordiffuse>FFFF7D26</colordiffuse>
                </control>

                <!-- Header Text -->
                <control type="label">
                    <left>30</left>
                    <top>20</top>
                    <width>1240</width>
                    <height>40</height>
                    <font>font30_title</font>
                    <textcolor>FF000000</textcolor>
                    <label>Little Tigre - Select Stream</label>
                </control>

                <!-- Scrollbar -->
                <control type="scrollbar" id="1111">
                    <left>1270</left>
                    <top>90</top>
                    <width>20</width>
                    <height>880</height>
                    <onleft>1000</onleft>
                    <onright>2999</onright>
                    <showonepage>false</showonepage>
                    <texturesliderbackground colordiffuse="99362e33">special://home/addons/plugin.video.littletigre/resources/media/white.png</texturesliderbackground>
                    <texturesliderbar colordiffuse="FFFF7D26">special://home/addons/plugin.video.littletigre/resources/media/white.png</texturesliderbar>
                    <texturesliderbarfocus colordiffuse="FFFF7D26">special://home/addons/plugin.video.littletigre/resources/media/white.png</texturesliderbarfocus>
                    <orientation>vertical</orientation>
                </control>

                <!-- Source List -->
                <control type="list" id="1000">
                    <left>10</left>
                    <top>90</top>
                    <width>1250</width>
                    <height>880</height>
                    <onleft>1000</onleft>
                    <onright>1111</onright>
                    <onup>1000</onup>
                    <ondown>1000</ondown>
                    <pagecontrol>1111</pagecontrol>
                    <scrolltime>200</scrolltime>

                    <!-- Focused Item - NEW 3-LINE FORMAT -->
                    <focusedlayout height="110" width="1250">
                        <!-- Orange Border -->
                        <control type="image">
                            <left>0</left>
                            <top>0</top>
                            <width>1230</width>
                            <height>100</height>
                            <texture border="5">special://home/addons/plugin.video.littletigre/resources/media/white-border2.png</texture>
                            <colordiffuse>FFFF7D26</colordiffuse>
                        </control>

                        <!-- Inner Dark Card -->
                        <control type="image">
                            <left>5</left>
                            <top>5</top>
                            <width>1220</width>
                            <height>90</height>
                            <texture>special://home/addons/plugin.video.littletigre/resources/media/white.png</texture>
                            <colordiffuse>FF0A0E14</colordiffuse>
                        </control>

                        <!-- ICON: Status Icon - FAR LEFT -->
                        <control type="image">
                            <left>20</left>
                            <top>13</top>
                            <width>20</width>
                            <height>20</height>
                            <texture>$INFO[ListItem.Property(icon)]</texture>
                            <aspectratio>keep</aspectratio>
                        </control>

                        <!-- LINE 1 LEFT: [DEBRID] Title -->
                        <control type="label">
                            <left>50</left>
                            <top>10</top>
                            <width>920</width>
                            <height>25</height>
                            <font>font12</font>
                            <textcolor>CFF8F1D1</textcolor>
                            <label>$INFO[ListItem.Property(line1_left)]</label>
                            <scroll>true</scroll>
                        </control>

                        <!-- LINE 1 RIGHT: Resolution -->
                        <control type="label">
                            <left>980</left>
                            <top>10</top>
                            <width>220</width>
                            <height>25</height>
                            <font>font13_title</font>
                            <textcolor>FFFFFF7D26</textcolor>
                            <align>right</align>
                            <label>$INFO[ListItem.Property(line1_right)]</label>
                        </control>

                        <!-- LINE 2 LEFT: Provider | Status -->
                        <control type="label">
                            <left>50</left>
                            <top>40</top>
                            <width>670</width>
                            <height>23</height>
                            <font>font12</font>
                            <textcolor>FFFF7D26</textcolor>
                            <label>$INFO[ListItem.Property(line2_left)]</label>
                        </control>

                        <!-- LINE 2 RIGHT: Quality | Audio -->
                        <control type="label">
                            <left>730</left>
                            <top>40</top>
                            <width>470</width>
                            <height>23</height>
                            <font>font12</font>
                            <textcolor>FF00CED1</textcolor>
                            <align>right</align>
                            <label>$INFO[ListItem.Property(line2_right)]</label>
                        </control>

                        <!-- LINE 3 LEFT: Size | Lang | Subs -->
                        <control type="label">
                            <left>50</left>
                            <top>68</top>
                            <width>770</width>
                            <height>20</height>
                            <font>font10</font>
                            <textcolor>CFF8F1D1</textcolor>
                            <label>$INFO[ListItem.Property(line3_left)]</label>
                        </control>

                        <!-- LINE 3 RIGHT: Type | Speed -->
                        <control type="label">
                            <left>830</left>
                            <top>68</top>
                            <width>370</width>
                            <height>20</height>
                            <font>font10</font>
                            <textcolor>FF00FF7D26</textcolor>
                            <align>right</align>
                            <label>$INFO[ListItem.Property(line3_right)]</label>
                        </control>
                    </focusedlayout>

                    <!-- Unfocused Item - Same format, dimmer colors -->
                    <itemlayout height="110" width="1250">
                        <!-- Dark Card -->
                        <control type="image">
                            <left>0</left>
                            <top>0</top>
                            <width>1230</width>
                            <height>100</height>
                            <texture>special://home/addons/plugin.video.littletigre/resources/media/white.png</texture>
                            <colordiffuse>AA1B212B</colordiffuse>
                        </control>

                        <!-- ICON: Status Icon - FAR LEFT -->
                        <control type="image">
                            <left>20</left>
                            <top>13</top>
                            <width>20</width>
                            <height>20</height>
                            <texture>$INFO[ListItem.Property(icon)]</texture>
                            <aspectratio>keep</aspectratio>
                        </control>

                        <!-- LINE 1 LEFT -->
                        <control type="label">
                            <left>50</left>
                            <top>10</top>
                            <width>920</width>
                            <height>25</height>
                            <font>font12</font>
                            <textcolor>99F8F1D1</textcolor>
                            <label>$INFO[ListItem.Property(line1_left)]</label>
                        </control>

                        <!-- LINE 1 RIGHT -->
                        <control type="label">
                            <left>980</left>
                            <top>10</top>
                            <width>220</width>
                            <height>25</height>
                            <font>font13_title</font>
                            <textcolor>AAFF7D26</textcolor>
                            <align>right</align>
                            <label>$INFO[ListItem.Property(line1_right)]</label>
                        </control>

                        <!-- LINE 2 LEFT -->
                        <control type="label">
                            <left>50</left>
                            <top>40</top>
                            <width>670</width>
                            <height>23</height>
                            <font>font12</font>
                            <textcolor>AAFF7D26</textcolor>
                            <label>$INFO[ListItem.Property(line2_left)]</label>
                        </control>

                        <!-- LINE 2 RIGHT -->
                        <control type="label">
                            <left>730</left>
                            <top>40</top>
                            <width>470</width>
                            <height>23</height>
                            <font>font12</font>
                            <textcolor>9900CED1</textcolor>
                            <align>right</align>
                            <label>$INFO[ListItem.Property(line2_right)]</label>
                        </control>

                        <!-- LINE 3 LEFT -->
                        <control type="label">
                            <left>50</left>
                            <top>68</top>
                            <width>770</width>
                            <height>20</height>
                            <font>font10</font>
                            <textcolor>88F8F1D1</textcolor>
                            <label>$INFO[ListItem.Property(line3_left)]</label>
                        </control>

                        <!-- LINE 3 RIGHT -->
                        <control type="label">
                            <left>830</left>
                            <top>68</top>
                            <width>370</width>
                            <height>20</height>
                            <font>font10</font>
                            <textcolor>88FF7D26</textcolor>
                            <align>right</align>
                            <label>$INFO[ListItem.Property(line3_right)]</label>
                        </control>
                    </itemlayout>
                </control>
            </control>

            <!-- Right Panel: Movie Poster + Info -->
            <control type="group">
                <left>1340</left>
                <top>0</top>
                <width>500</width>
                <height>1000</height>

                <!-- Panel Background -->
                <control type="image">
                    <left>0</left>
                    <top>0</top>
                    <width>500</width>
                    <height>1000</height>
                    <texture>special://home/addons/plugin.video.littletigre/resources/media/white.png</texture>
                    <colordiffuse>DD1B212B</colordiffuse>
                </control>

                <!-- Poster - BIGGER! -->
                <control type="image">
                    <left>0</left>
                    <top>60</top>
                    <width>500</width>
                    <height>650</height>
                    <texture>$INFO[Window.Property(item.poster)]</texture>
                    <aspectratio align="center">keep</aspectratio>
                    <fadetime>200</fadetime>
                </control>

                <!-- Title -->
                <control type="label">
                    <left>20</left>
                    <top>730</top>
                    <width>460</width>
                    <height>60</height>
                    <font>font24_title</font>
                    <textcolor>FFFF7D26</textcolor>
                    <align>center</align>
                    <label>$INFO[Window.Property(item.title)]</label>
                    <wrapmultiline>true</wrapmultiline>
                </control>

                <!-- Year -->
                <control type="label">
                    <left>20</left>
                    <top>800</top>
                    <width>460</width>
                    <height>25</height>
                    <font>font12</font>
                    <textcolor>FFF8F1D1</textcolor>
                    <align>center</align>
                    <label>$INFO[Window.Property(item.year)]</label>
                </control>

                <!-- Rating -->
                <control type="label">
                    <left>20</left>
                    <top>830</top>
                    <width>460</width>
                    <height>25</height>
                    <font>font12</font>
                    <textcolor>FFF8F1D1</textcolor>
                    <align>center</align>
                    <label>Rating: $INFO[Window.Property(item.rating)]</label>
                    <visible>!String.IsEmpty(Window.Property(item.rating))</visible>
                </control>

                <!-- Plot - SMALLER -->
                <control type="textbox">
                    <left>20</left>
                    <top>870</top>
                    <width>460</width>
                    <height>80</height>
                    <font>font10</font>
                    <textcolor>CFF8F1D1</textcolor>
                    <align>justify</align>
                    <label>$INFO[Window.Property(item.plot)]</label>
                    <autoscroll delay="3000" time="3000" repeat="3000">true</autoscroll>
                </control>

                <!-- Branding -->
                <control type="label">
                    <left>20</left>
                    <top>960</top>
                    <width>460</width>
                    <height>30</height>
                    <font>font10</font>
                    <textcolor>77F8F1D1</textcolor>
                    <align>center</align>
                    <label>Your Friendly Streaming Companion</label>
                </control>
            </control>
        </control>

        <!-- Close Button -->
        <control type="button" id="2999">
            <left>1750</left>
            <top>20</top>
            <width>140</width>
            <height>60</height>
            <font>font13_title</font>
            <textcolor>FF000000</textcolor>
            <focusedcolor>FF000000</focusedcolor>
            <texturefocus border="5">special://home/addons/plugin.video.littletigre/resources/media/white.png</texturefocus>
            <texturenofocus border="1">special://home/addons/plugin.video.littletigre/resources/media/white.png</texturenofocus>
            <colordiffuse>FFFF7D26</colordiffuse>
            <label>X Close</label>
            <onleft>1111</onleft>
            <onright>1000</onright>
            <onup>2999</onup>
            <ondown>1000</ondown>
            <onclick>Close</onclick>
        </control>

        <!-- Instructions -->
        <control type="label">
            <left>40</left>
            <top>1040</top>
            <width>1840</width>
            <height>30</height>
            <font>font10</font>
            <textcolor>77F8F1D1</textcolor>
            <align>center</align>
            <label>Navigate: Up/Down  |  Select: Enter  |  Close: Esc</label>
        </control>
    </controls>
</window>
