<?xml version="1.0" encoding="UTF-8" standalone="yes"?>
<addon id="repository.tralalaoh" name="Tralalaoh Repository" version="1.0.0" provider-name="tralalaoh">
    <extension point="xbmc.addon.repository" name="Tralalaoh Add-ons">
        <dir>
            <info compressed="false">https://tralalaoh.github.io/tralalaoh/addons.xml</info>
            <checksum>https://tralalaoh.github.io/tralalaoh/addons.xml.md5</checksum>
            <datadir zip="true">https://tralalaoh.github.io/tralalaoh/zips/</datadir>
        </dir>
    </extension>
    <extension point="xbmc.addon.metadata">
        <summary>Tralalaoh's Kodi Addons</summary>
        <description>Repository for 3SK Video and other addons.</description>
        <platform>all</platform>
        <assets>
            <icon>icon.png</icon>
        </assets>
    </extension>
</addon>
